Species,Kingdom,Phylum,Class,Order,Family,Genus,Species,Fruit length [mm],Fruit width [mm],Plant height [m],Crop mass [g],Genus mean
Abuta_grandifolia,Plantae,Magnoliophyta,Magnoliopsida,Ranunculales,Menispermaceae,Abuta,grandifolia,17.48,9.38,6.00,341.25,no
Alchornea_latifolia,Plantae,Magnoliophyta,Magnoliopsida,Malpighiales,Euphorbiaceae,Alchornea,latifolia,6.82,8.23,11.53,1290.48,yes
Alchornea_triplinervia,Plantae,Magnoliophyta,Magnoliopsida,Malpighiales,Euphorbiaceae,Alchornea,triplinervia,8.18,10.26,14.72,1156.67,no
Allophylus_punctatus,Plantae,Magnoliophyta,Magnoliopsida,Sapindales,Sapindaceae,Allophylus,punctatus,13.58,12.49,4.40,33.34,no
Alnus_acuminata,Plantae,Magnoliophyta,Magnoliopsida,Fagales,Betulaceae,Alnus,acuminata,19.32,11.48,17.54,5009.33,no
Aniba_guianensis,Plantae,Magnoliophyta,Magnoliopsida,Laurales,Lauraceae,Aniba,guianensis,15.65,13.43,8.00,25.50,no
Anthurium_croatii,Plantae,Magnoliophyta,Liliopsida,Alismatales,Araceae,Anthurium,croatii,288.20,16.20,5.00,22440.00,no
Anthurium_obtusum,Plantae,Magnoliophyta,Liliopsida,Alismatales,Araceae,Anthurium,obtusum,2.66,2.86,5.00,0.83,no
Ardisia_guianensis,Plantae,Magnoliophyta,Magnoliopsida,Ericales,Primulaceae,Ardisia,guianensis,4.78,6.31,4.17,327.59,no
Ardisia_loretensis,Plantae,Magnoliophyta,Magnoliopsida,Ericales,Primulaceae,Ardisia,loretensis,8.84,9.13,1.01,6.92,no
Bactris_hirta,Plantae,Magnoliophyta,Liliopsida,Arecales,Arecaceae,Bactris,hirta,8.27,6.91,1.22,2.63,no
Banara_arguta,Plantae,Magnoliophyta,Magnoliopsida,Malpighiales,Salicaceae,Banara,arguta,8.93,9.02,5.20,241.54,no
Bejaria_aestuans,Plantae,Magnoliophyta,Magnoliopsida,Ericales,Ericaceae,Bejaria,aestuans,6.27,7.22,3.07,48.99,no
Besleria_compta,Plantae,Magnoliophyta,Magnoliopsida,Lamiales,Gesneriaceae,Besleria,compta,11.29,7.30,1.40,6.20,no
Bocconia_integrifolia,Plantae,Magnoliophyta,Magnoliopsida,Ranunculales,Papaveraceae,Bocconia,integrifolia,12.89,5.30,6.00,185.00,no
Bomarea_edulis,Plantae,Magnoliophyta,Liliopsida,Liliales,Alstroemeriaceae,Bomarea,edulis,16.37,16.62,2.00,49.07,no
Brachyotum_grisebachii,Plantae,Magnoliophyta,Magnoliopsida,Myrtales,Melastomataceae,Brachyotum,grisebachii,7.37,5.70,1.20,9.17,no
Brachyotum_weberbaueri,Plantae,Magnoliophyta,Magnoliopsida,Myrtales,Melastomataceae,Brachyotum,weberbaueri,7.73,5.99,3.00,24.60,no
Brosimum_utile,Plantae,Magnoliophyta,Magnoliopsida,Rosales,Moraceae,Brosimum,utile,8.18,11.37,24.00,470.59,no
Brunellia_stenoptera,Plantae,Magnoliophyta,Magnoliopsida,Oxalidales,Brunelliaceae,Brunellia,stenoptera,2.84,4.54,14.00,143.70,no
Cabralea_canjerana,Plantae,Magnoliophyta,Magnoliopsida,Sapindales,Meliaceae,Cabralea,canjerana,32.80,34.86,18.25,1591.62,no
Calatola_costaricensis,Plantae,Magnoliophyta,Magnoliopsida,Icacinales,Icacinaceae,Calatola,costaricensis,66.95,43.15,14.33,9528.90,no
Calyptranthes_ruiziana,Plantae,Magnoliophyta,Magnoliopsida,Myrtales,Myrtaceae,Calyptranthes,ruiziana,5.70,8.00,16.00,490.00,no
Calyptranthes_speciosa,Plantae,Magnoliophyta,Magnoliopsida,Myrtales,Myrtaceae,Calyptranthes,speciosa,3.92,3.10,3.83,3.45,no
Caryocar_amygdaliforme,Plantae,Magnoliophyta,Magnoliopsida,Malpighiales,Caryocaraceae,Caryocar,amygdaliforme,67.20,76.43,8.00,1141.60,no
Caryocar_glabrum,Plantae,Magnoliophyta,Magnoliopsida,Malpighiales,Caryocaraceae,Caryocar,glabrum,12.02,9.77,14.00,9800.00,no
Casearia_combaymensis,Plantae,Magnoliophyta,Magnoliopsida,Malpighiales,Salicaceae,Casearia,combaymensis,28.44,30.31,7.00,200.63,no
Casearia_corymbosa,Plantae,Magnoliophyta,Magnoliopsida,Malpighiales,Salicaceae,Casearia,corymbosa,10.54,9.99,10.63,1778.60,no
Casearia_obovalis,Plantae,Magnoliophyta,Magnoliopsida,Malpighiales,Salicaceae,Casearia,obovalis,75.38,78.98,9.14,2018.37,no
Casearia_ulmifolia,Plantae,Magnoliophyta,Magnoliopsida,Malpighiales,Salicaceae,Casearia,ulmifolia,4.72,3.87,20.00,1026.00,no
Cavendishia_bracteata,Plantae,Magnoliophyta,Magnoliopsida,Ericales,Ericaceae,Cavendishia,bracteata,6.37,8.54,4.10,77.88,no
Cayaponia_citrullifolia,Plantae,Magnoliophyta,Magnoliopsida,Cucurbitales,Cucurbitaceae,Cayaponia,citrullifolia,13.95,16.18,11.20,94.02,no
Cecropia_angustifolia,Plantae,Magnoliophyta,Magnoliopsida,Rosales,Urticaceae,Cecropia,angustifolia,0.80,0.50,25.90,12476.00,no
Cecropia_polystachya,Plantae,Magnoliophyta,Magnoliopsida,Rosales,Urticaceae,Cecropia,polystachya,0.80,0.50,13.00,6813.39,no
Cecropia_strigosa,Plantae,Magnoliophyta,Magnoliopsida,Rosales,Urticaceae,Cecropia,strigosa,0.80,0.50,12.11,3813.06,no
Celtis_iguanaea,Plantae,Magnoliophyta,Magnoliopsida,Rosales,Cannabaceae,Celtis,iguanaea,13.68,9.29,6.00,34.13,no
Cestrum_parqui,Plantae,Magnoliophyta,Magnoliopsida,Solanales,Solanaceae,Cestrum,parqui,6.57,5.91,3.88,470.76,no
Cestrum_reflexum,Plantae,Magnoliophyta,Magnoliopsida,Solanales,Solanaceae,Cestrum,reflexum,7.69,6.21,4.40,88.39,no
Chamaedorea_pauciflora,Plantae,Magnoliophyta,Liliopsida,Arecales,Arecaceae,Chamaedorea,pauciflora,11.56,7.17,2.10,11.34,no
Chamaedorea_pinnatifrons,Plantae,Magnoliophyta,Liliopsida,Arecales,Arecaceae,Chamaedorea,pinnatifrons,9.09,7.65,3.00,64.22,no
Chrysochlamys_ulei,Plantae,Magnoliophyta,Magnoliopsida,Malpighiales,Clusiaceae,Chrysochlamys,ulei,12.26,10.36,4.64,217.18,no
Chrysochlamys_weberbaueri,Plantae,Magnoliophyta,Magnoliopsida,Malpighiales,Clusiaceae,Chrysochlamys,weberbaueri,14.65,15.75,5.00,56.81,no
Chrysophyllum_argenteum,Plantae,Magnoliophyta,Magnoliopsida,Ericales,Sapotaceae,Chrysophyllum,argenteum,9.39,8.99,15.00,404.00,no
Chrysophyllum_ulei,Plantae,Magnoliophyta,Magnoliopsida,Ericales,Sapotaceae,Chrysophyllum,ulei,25.44,18.65,11.33,2408.63,no
Cissus_alata,Plantae,Magnoliophyta,Magnoliopsida,Vitales,Vitaceae,Cissus,alata,6.67,7.50,5.20,175.85,no
Clavija_elliptica,Plantae,Magnoliophyta,Magnoliopsida,Ericales,Primulaceae,Clavija,elliptica,19.21,22.45,0.30,65.30,no
Clethra_revoluta,Plantae,Magnoliophyta,Magnoliopsida,Ericales,Clethraceae,Clethra,revoluta,3.10,5.17,5.00,3.96,no
Clidemia_capitellata,Plantae,Magnoliophyta,Magnoliopsida,Myrtales,Melastomataceae,Clidemia,capitellata,5.87,4.73,1.60,0.33,no
Clidemia_dentata,Plantae,Magnoliophyta,Magnoliopsida,Myrtales,Melastomataceae,Clidemia,dentata,8.08,7.51,2.37,39.12,no
Clidemia_dimorphica,Plantae,Magnoliophyta,Magnoliopsida,Myrtales,Melastomataceae,Clidemia,dimorphica,2.28,3.55,1.70,11.14,no
Clidemia_hirta,Plantae,Magnoliophyta,Magnoliopsida,Myrtales,Melastomataceae,Clidemia,hirta,6.40,5.62,1.84,12.88,yes
Clidemia_septuplinervia,Plantae,Magnoliophyta,Magnoliopsida,Myrtales,Melastomataceae,Clidemia,septuplinervia,8.37,7.77,0.60,7.00,no
Clusia_alata,Plantae,Magnoliophyta,Magnoliopsida,Malpighiales,Clusiaceae,Clusia,alata,30.34,38.40,8.42,2986.22,no
Clusia_elliptica,Plantae,Magnoliophyta,Magnoliopsida,Malpighiales,Clusiaceae,Clusia,elliptica,21.57,25.90,13.23,2274.02,no
Clusia_flavida,Plantae,Magnoliophyta,Magnoliopsida,Malpighiales,Clusiaceae,Clusia,flavida,19.11,11.12,14.18,4165.20,no
Clusia_hammeliana,Plantae,Magnoliophyta,Magnoliopsida,Malpighiales,Clusiaceae,Clusia,hammeliana,18.47,19.50,3.00,137.28,no
Clusia_trochiformis,Plantae,Magnoliophyta,Magnoliopsida,Malpighiales,Clusiaceae,Clusia,trochiformis,8.00,6.38,6.75,2812.95,no
Coccocypselum_hirsutum,Plantae,Magnoliophyta,Magnoliopsida,Gentianales,Rubiaceae,Coccocypselum,hirsutum,14.55,8.65,0.30,2.76,no
Collaea_speciosa,Plantae,Magnoliophyta,Magnoliopsida,Fabales,Fabaceae,Collaea,speciosa,81.78,11.69,2.50,36.00,no
Conceveiba_terminalis,Plantae,Magnoliophyta,Magnoliopsida,Malpighiales,Euphorbiaceae,Conceveiba,terminalis,16.25,14.45,12.83,1917.81,no
Condaminea_corymbosa,Plantae,Magnoliophyta,Magnoliopsida,Gentianales,Rubiaceae,Condaminea,corymbosa,24.44,10.36,6.00,114.33,no
Conostegia_inusitata,Plantae,Magnoliophyta,Magnoliopsida,Myrtales,Melastomataceae,Conostegia,inusitata,4.60,3.64,6.25,53.38,no
Cordia_nodosa,Plantae,Magnoliophyta,Magnoliopsida,Boraginales,Boraginaceae,Cordia,nodosa,13.72,14.35,3.40,33.98,no
Croton_pachypodus,Plantae,Magnoliophyta,Magnoliopsida,Malpighiales,Euphorbiaceae,Croton,pachypodus,24.41,16.88,8.00,36.25,no
Croton_rusbyi,Plantae,Magnoliophyta,Magnoliopsida,Malpighiales,Euphorbiaceae,Croton,rusbyi,4.91,6.48,6.76,7.18,no
Cybianthus_venezuelanus,Plantae,Magnoliophyta,Magnoliopsida,Ericales,Primulaceae,Cybianthus,venezuelanus,7.66,9.03,8.33,390.00,no
Demosthenesia_mandonii,Plantae,Magnoliophyta,Magnoliopsida,Ericales,Ericaceae,Demosthenesia,mandonii,7.05,7.56,2.50,5.13,no
Dendropanax_cuneatus,Plantae,Magnoliophyta,Magnoliopsida,Apiales,Araliaceae,Dendropanax,cuneatus,5.16,4.79,10.00,45.50,no
Dendrophthora_chrysostachya,Plantae,Magnoliophyta,Magnoliopsida,Santalales,Santalaceae,Dendrophthora,chrysostachya,4.23,4.50,6.00,2.12,no
Dendrophthora_densifolia,Plantae,Magnoliophyta,Magnoliopsida,Santalales,Santalaceae,Dendrophthora,densifolia,3.66,3.67,1.46,6.57,no
Dendrophthora_paucifolia,Plantae,Magnoliophyta,Magnoliopsida,Santalales,Santalaceae,Dendrophthora,paucifolia,3.77,2.97,2.00,4.33,no
Desfontainia_spinosa,Plantae,Magnoliophyta,Magnoliopsida,Bruniales,Columelliaceae,Desfontainia,spinosa,9.67,8.11,2.50,1.17,no
Diogenesia_vargasiana,Plantae,Magnoliophyta,Magnoliopsida,Ericales,Ericaceae,Diogenesia,vargasiana,4.14,4.25,5.67,140.71,no
Dioicodendron_dioicum,Plantae,Magnoliophyta,Magnoliopsida,Gentianales,Rubiaceae,Dioicodendron,dioicum,4.71,2.61,9.07,118.67,no
Disterigma_alaternoides,Plantae,Magnoliophyta,Magnoliopsida,Ericales,Ericaceae,Disterigma,alaternoides,5.98,5.44,3.34,24.47,no
Disterigma_ovatum,Plantae,Magnoliophyta,Magnoliopsida,Ericales,Ericaceae,Disterigma,ovatum,5.98,5.44,3.34,24.47,no
Elaeagia_mariae,Plantae,Magnoliophyta,Magnoliopsida,Gentianales,Rubiaceae,Elaeagia,mariae,2.73,2.78,9.80,22.40,no
Euterpe_precatoria,Plantae,Magnoliophyta,Liliopsida,Arecales,Arecaceae,Euterpe,precatoria,13.55,14.14,22.00,4475.00,no
Faramea_capillipes,Plantae,Magnoliophyta,Magnoliopsida,Gentianales,Rubiaceae,Faramea,capillipes,7.95,6.65,5.38,21.15,no
Faramea_flavicans,Plantae,Magnoliophyta,Magnoliopsida,Gentianales,Rubiaceae,Faramea,flavicans,9.87,9.31,9.08,192.63,no
Faramea_glandulosa,Plantae,Magnoliophyta,Magnoliopsida,Gentianales,Rubiaceae,Faramea,glandulosa,8.61,12.61,6.22,297.40,no
Faramea_multiflora,Plantae,Magnoliophyta,Magnoliopsida,Gentianales,Rubiaceae,Faramea,multiflora,5.43,8.99,4.33,23.22,no
Faramea_uniflora,Plantae,Magnoliophyta,Magnoliopsida,Gentianales,Rubiaceae,Faramea,uniflora,7.34,8.74,3.42,11.72,no
Ficus_americana,Plantae,Magnoliophyta,Magnoliopsida,Rosales,Moraceae,Ficus,americana,4.73,3.68,15.00,606.67,no
Ficus_coerulescens,Plantae,Magnoliophyta,Magnoliopsida,Rosales,Moraceae,Ficus,coerulescens,5.17,6.21,15.00,5400.00,no
Ficus_paraensis,Plantae,Magnoliophyta,Magnoliopsida,Rosales,Moraceae,Ficus,paraensis,8.01,7.52,13.50,5156.25,no
Ficus_piresiana,Plantae,Magnoliophyta,Magnoliopsida,Rosales,Moraceae,Ficus,piresiana,9.41,9.89,14.00,9360.00,no
Ficus_trigona,Plantae,Magnoliophyta,Magnoliopsida,Rosales,Moraceae,Ficus,trigona,13.71,12.12,12.88,31752.73,no
Freziera_angulosa,Plantae,Magnoliophyta,Magnoliopsida,Ericales,Pentaphylacaceae,Freziera,angulosa,3.75,3.38,4.14,66.46,no
Freziera_karsteniana,Plantae,Magnoliophyta,Magnoliopsida,Ericales,Pentaphylacaceae,Freziera,karsteniana,5.50,3.81,10.50,112.93,no
Freziera_parva,Plantae,Magnoliophyta,Magnoliopsida,Ericales,Pentaphylacaceae,Freziera,parva,7.14,4.72,6.00,81.88,no
Freziera_reticulata,Plantae,Magnoliophyta,Magnoliopsida,Ericales,Pentaphylacaceae,Freziera,reticulata,11.94,10.35,11.11,785.33,no
Gaultheria_bracteata,Plantae,Magnoliophyta,Magnoliopsida,Ericales,Ericaceae,Gaultheria,bracteata,4.59,6.11,2.26,41.28,no
Gaultheria_buxifolia,Plantae,Magnoliophyta,Magnoliopsida,Ericales,Ericaceae,Gaultheria,buxifolia,5.26,6.63,1.81,31.33,no
Gaultheria_erecta,Plantae,Magnoliophyta,Magnoliopsida,Ericales,Ericaceae,Gaultheria,erecta,5.76,8.52,3.30,35.26,no
Gaultheria_glomerata,Plantae,Magnoliophyta,Magnoliopsida,Ericales,Ericaceae,Gaultheria,glomerata,4.81,6.75,2.53,73.02,yes
Gaultheria_reticulata,Plantae,Magnoliophyta,Magnoliopsida,Ericales,Ericaceae,Gaultheria,reticulata,4.23,5.33,2.84,86.34,no
Geonoma_brongniartii,Plantae,Magnoliophyta,Liliopsida,Arecales,Arecaceae,Geonoma,brongniartii,7.17,6.70,8.00,57.75,no
Geonoma_macrostachys,Plantae,Magnoliophyta,Liliopsida,Arecales,Arecaceae,Geonoma,macrostachys,8.41,6.54,1.36,8.75,no
Geonoma_maxima,Plantae,Magnoliophyta,Liliopsida,Arecales,Arecaceae,Geonoma,maxima,10.73,6.88,3.04,10.86,no
Geonoma_stricta,Plantae,Magnoliophyta,Liliopsida,Arecales,Arecaceae,Geonoma,stricta,6.62,5.74,1.26,7.63,no
Graffenrieda_cucullata,Plantae,Magnoliophyta,Magnoliopsida,Myrtales,Melastomataceae,Graffenrieda,cucullata,5.64,4.73,8.25,58.13,no
Graffenrieda_emarginata,Plantae,Magnoliophyta,Magnoliopsida,Myrtales,Melastomataceae,Graffenrieda,emarginata,4.23,3.92,5.38,34.34,no
Guarea_kunthiana,Plantae,Magnoliophyta,Magnoliopsida,Sapindales,Meliaceae,Guarea,kunthiana,25.30,19.08,4.00,70.27,no
Guarea_macrophylla,Plantae,Magnoliophyta,Magnoliopsida,Sapindales,Meliaceae,Guarea,macrophylla,19.51,15.50,4.36,65.89,no
Guarea_pterorhachis,Plantae,Magnoliophyta,Magnoliopsida,Sapindales,Meliaceae,Guarea,pterorhachis,22.40,17.29,4.18,75.04,yes
Guatteria_brevicuspis,Plantae,Magnoliophyta,Magnoliopsida,Magnoliales,Annonaceae,Guatteria,brevicuspis,26.41,6.64,4.38,8.23,no
Guatteria_duodecima,Plantae,Magnoliophyta,Magnoliopsida,Magnoliales,Annonaceae,Guatteria,duodecima,22.30,17.38,13.30,7372.17,no
Guatteria_guentheri,Plantae,Magnoliophyta,Magnoliopsida,Magnoliales,Annonaceae,Guatteria,guentheri,11.18,5.34,20.50,546.00,no
Guatteria_terminalis,Plantae,Magnoliophyta,Magnoliopsida,Magnoliales,Annonaceae,Guatteria,terminalis,8.71,5.40,7.34,427.11,no
Guatteria_trichocarpa,Plantae,Magnoliophyta,Magnoliopsida,Magnoliales,Annonaceae,Guatteria,trichocarpa,14.10,8.15,26.00,123.00,no
Guatteria_ucayalina,Plantae,Magnoliophyta,Magnoliopsida,Magnoliales,Annonaceae,Guatteria,ucayalina,12.54,7.56,5.67,71.13,no
Guettarda_crispiflora,Plantae,Magnoliophyta,Magnoliopsida,Gentianales,Rubiaceae,Guettarda,crispiflora,9.22,8.49,10.55,1448.64,no
Gurania_bignoniacea,Plantae,Magnoliophyta,Magnoliopsida,Cucurbitales,Cucurbitaceae,Gurania,bignoniacea,26.64,20.09,11.50,86.77,no
Gymnosporia_magnifolia,Plantae,Magnoliophyta,Magnoliopsida,Celastrales,Celastraceae,Gymnosporia,magnifolia,8.50,8.94,11.00,731.50,no
Hasseltia_floribunda,Plantae,Magnoliophyta,Magnoliopsida,Malpighiales,Salicaceae,Hasseltia,floribunda,7.67,7.51,8.75,33.87,no
Hedyosmum_angustifolium,Plantae,Magnoliophyta,Magnoliopsida,Chloranthales,Chloranthaceae,Hedyosmum,angustifolium,7.85,7.22,4.94,269.81,no
Hedyosmum_cuatrecazanum,Plantae,Magnoliophyta,Magnoliopsida,Chloranthales,Chloranthaceae,Hedyosmum,cuatrecazanum,15.08,12.19,7.20,331.81,no
Hedyosmum_goudotianum,Plantae,Magnoliophyta,Magnoliopsida,Chloranthales,Chloranthaceae,Hedyosmum,goudotianum,4.49,5.18,6.11,83.44,no
Hedyosmum_scabrum,Plantae,Magnoliophyta,Magnoliopsida,Chloranthales,Chloranthaceae,Hedyosmum,scabrum,10.60,8.78,6.18,95.70,no
Hedyosmum_sprucei,Plantae,Magnoliophyta,Magnoliopsida,Chloranthales,Chloranthaceae,Hedyosmum,sprucei,6.18,6.52,3.69,19.29,no
Hedyosmum_tepuiense,Plantae,Magnoliophyta,Magnoliopsida,Chloranthales,Chloranthaceae,Hedyosmum,tepuiense,10.23,7.68,5.31,583.45,no
Hedyosmum_translucidum,Plantae,Magnoliophyta,Magnoliopsida,Chloranthales,Chloranthaceae,Hedyosmum,translucidum,7.61,7.36,5.50,383.39,no
Heisteria_acuminata,Plantae,Magnoliophyta,Magnoliopsida,Santalales,Olacaceae,Heisteria,acuminata,10.47,5.98,6.00,7.67,no
Heliconia_subulata,Plantae,Magnoliophyta,Liliopsida,Zingiberales,Heliconiaceae,Heliconia,subulata,9.76,9.28,2.36,17.25,no
Helicostylis_elegans,Plantae,Magnoliophyta,Magnoliopsida,Rosales,Moraceae,Helicostylis,elegans,18.12,20.88,19.75,13284.56,yes
Helicostylis_scabra,Plantae,Magnoliophyta,Magnoliopsida,Rosales,Moraceae,Helicostylis,scabra,16.63,18.83,16.00,13980.00,no
Helicostylis_tomentosa,Plantae,Magnoliophyta,Magnoliopsida,Rosales,Moraceae,Helicostylis,tomentosa,19.61,22.93,23.50,12574.25,no
Helicostylis_tovarensis,Plantae,Magnoliophyta,Magnoliopsida,Rosales,Moraceae,Helicostylis,tovarensis,18.12,20.88,19.75,13284.56,yes
Hesperomeles_ferruginea,Plantae,Magnoliophyta,Magnoliopsida,Rosales,Rosaceae,Hesperomeles,ferruginea,7.95,11.12,3.55,468.53,no
Hesperomeles_obtusifolia,Plantae,Magnoliophyta,Magnoliopsida,Rosales,Rosaceae,Hesperomeles,obtusifolia,6.36,8.64,3.44,40.54,no
Hevea_guianensis,Plantae,Magnoliophyta,Magnoliopsida,Malpighiales,Euphorbiaceae,Hevea,guianensis,44.54,52.24,20.71,6261.76,no
Hieronyma_moritziana,Plantae,Magnoliophyta,Magnoliopsida,Malpighiales,Phyllanthaceae,Hieronyma,moritziana,4.28,4.22,10.00,34.38,no
Hieronyma_oblonga,Plantae,Magnoliophyta,Magnoliopsida,Malpighiales,Phyllanthaceae,Hieronyma,oblonga,6.54,5.00,13.20,524.00,no
Hiraea_fagifolia,Plantae,Magnoliophyta,Magnoliopsida,Malpighiales,Malpighiaceae,Hiraea,fagifolia,5.37,6.33,7.00,1.07,no
Homalium_guianense,Plantae,Magnoliophyta,Magnoliopsida,Malpighiales,Salicaceae,Homalium,guianense,11.41,11.78,8.00,16.80,no
Hydrangea_jelskii,Plantae,Magnoliophyta,Magnoliopsida,Cornales,Hydrangeaceae,Hydrangea,jelskii,132.37,42.80,12.00,1802.05,no
Ilex_nervosa,Plantae,Magnoliophyta,Magnoliopsida,Aquifoliales,Aquifoliaceae,Ilex,nervosa,4.99,6.10,10.67,816.40,no
Ilex_villosula,Plantae,Magnoliophyta,Magnoliopsida,Aquifoliales,Aquifoliaceae,Ilex,villosula,3.08,3.12,6.38,34.26,no
Inga_acreana,Plantae,Magnoliophyta,Magnoliopsida,Fabales,Fabaceae,Inga,acreana,62.73,20.38,9.00,2065.27,yes
Inga_punctata,Plantae,Magnoliophyta,Magnoliopsida,Fabales,Fabaceae,Inga,punctata,62.73,20.38,9.00,2065.27,yes
Iriartea_deltoidea,Plantae,Magnoliophyta,Liliopsida,Arecales,Arecaceae,Iriartea,deltoidea,24.34,21.53,21.03,41082.57,no
Iryanthera_hostmannii,Plantae,Magnoliophyta,Magnoliopsida,Magnoliales,Myristicaceae,Iryanthera,hostmannii,34.96,35.18,16.00,886.90,no
Isertia_laevis,Plantae,Magnoliophyta,Magnoliopsida,Gentianales,Rubiaceae,Isertia,laevis,10.55,11.63,10.09,1100.54,no
Jacaratia_digitata,Plantae,Magnoliophyta,Magnoliopsida,Brassicales,Caricaceae,Jacaratia,digitata,74.36,24.62,16.00,6965.20,no
Ladenbergia_oblongifolia,Plantae,Magnoliophyta,Magnoliopsida,Gentianales,Rubiaceae,Ladenbergia,oblongifolia,27.07,7.79,11.20,648.23,no
Leandra_secunda,Plantae,Magnoliophyta,Magnoliopsida,Myrtales,Melastomataceae,Leandra,secunda,4.50,4.10,0.55,0.17,no
Leonia_crassa,Plantae,Magnoliophyta,Magnoliopsida,Malpighiales,Violaceae,Leonia,crassa,35.52,36.97,14.40,9359.22,no
Licania_micrantha,Plantae,Magnoliophyta,Magnoliopsida,Malpighiales,Chrysobalanaceae,Licania,micrantha,18.19,14.89,21.50,58788.75,no
Ligaria_cuneifolia,Plantae,Magnoliophyta,Magnoliopsida,Santalales,Loranthaceae,Ligaria,cuneifolia,19.09,11.78,6.00,278.40,no
Lunania_parviflora,Plantae,Magnoliophyta,Magnoliopsida,Malpighiales,Salicaceae,Lunania,parviflora,5.43,4.48,11.33,282.27,no
Lycianthes_amatitlanensis,Plantae,Magnoliophyta,Magnoliopsida,Solanales,Solanaceae,Lycianthes,amatitlanensis,7.85,9.07,1.13,1.95,no
Maieta_guianensis,Plantae,Magnoliophyta,Magnoliopsida,Myrtales,Melastomataceae,Maieta,guianensis,8.93,6.91,0.88,5.76,no
Maieta_poeppigii,Plantae,Magnoliophyta,Magnoliopsida,Myrtales,Melastomataceae,Maieta,poeppigii,9.76,9.38,0.37,3.05,no
Malanea_sarmentosa,Plantae,Magnoliophyta,Magnoliopsida,Gentianales,Rubiaceae,Malanea,sarmentosa,9.00,5.88,6.00,8.00,no
Marcgravia_crenata,Plantae,Magnoliophyta,Magnoliopsida,Ericales,Marcgraviaceae,Marcgravia,crenata,13.36,13.86,16.60,203.94,no
Marcgraviastrum_macrocarpum,Plantae,Magnoliophyta,Magnoliopsida,Ericales,Marcgraviaceae,Marcgraviastrum,macrocarpum,16.58,19.79,8.00,2576.00,no
Margaritopsis_cephalantha,Plantae,Magnoliophyta,Magnoliopsida,Gentianales,Rubiaceae,Margaritopsis,cephalantha,10.98,6.52,4.33,1.63,no
Margaritopsis_huallagae,Plantae,Magnoliophyta,Magnoliopsida,Gentianales,Rubiaceae,Margaritopsis,huallagae,4.95,5.50,0.20,0.50,no
Matisia_ochrocalyx,Plantae,Magnoliophyta,Magnoliopsida,Malvales,Malvaceae,Matisia,ochrocalyx,15.95,9.70,16.50,1985.85,no
Mayna_odorata,Plantae,Magnoliophyta,Magnoliopsida,Malpighiales,Achariaceae,Mayna,odorata,24.09,24.73,5.00,90.63,no
Maytenus_verticillata,Plantae,Magnoliophyta,Magnoliopsida,Celastrales,Celastraceae,Maytenus,verticillata,8.74,6.98,4.33,43.08,no
Meliosma_frondosa,Plantae,Magnoliophyta,Magnoliopsida,Sabiales,Sabiaceae,Meliosma,frondosa,21.98,17.69,5.33,304.94,no
Meliosma_peytonii,Plantae,Magnoliophyta,Magnoliopsida,Sabiales,Sabiaceae,Meliosma,peytonii,21.84,18.78,3.67,328.63,no
Mendoncia_aspera,Plantae,Magnoliophyta,Magnoliopsida,Lamiales,Acanthaceae,Mendoncia,aspera,15.80,11.55,6.33,10.29,no
Meriania_tomentosa,Plantae,Magnoliophyta,Magnoliopsida,Myrtales,Melastomataceae,Meriania,tomentosa,14.76,11.98,4.80,2201.76,no
Miconia_adrieni,Plantae,Magnoliophyta,Magnoliopsida,Myrtales,Melastomataceae,Miconia,adrieni,4.58,5.55,7.00,42.53,no
Miconia_affinis,Plantae,Magnoliophyta,Magnoliopsida,Myrtales,Melastomataceae,Miconia,affinis,4.42,4.95,6.33,222.60,no
Miconia_aggregata,Plantae,Magnoliophyta,Magnoliopsida,Myrtales,Melastomataceae,Miconia,aggregata,3.48,3.56,4.25,6.34,no
Miconia_alpina,Plantae,Magnoliophyta,Magnoliopsida,Myrtales,Melastomataceae,Miconia,alpina,5.19,5.49,6.56,123.85,no
Miconia_amplexicaulis,Plantae,Magnoliophyta,Magnoliopsida,Myrtales,Melastomataceae,Miconia,amplexicaulis,3.44,3.60,3.00,0.79,no
Miconia_aprica,Plantae,Magnoliophyta,Magnoliopsida,Myrtales,Melastomataceae,Miconia,aprica,3.08,3.20,6.97,333.68,no
Miconia_asperrima,Plantae,Magnoliophyta,Magnoliopsida,Myrtales,Melastomataceae,Miconia,asperrima,3.16,3.34,7.41,41.21,no
Miconia_barbeyana,Plantae,Magnoliophyta,Magnoliopsida,Myrtales,Melastomataceae,Miconia,barbeyana,3.50,3.95,3.28,32.55,no
Miconia_caerulea,Plantae,Magnoliophyta,Magnoliopsida,Myrtales,Melastomataceae,Miconia,caerulea,4.41,4.64,3.30,25.78,no
Miconia_calvescens,Plantae,Magnoliophyta,Magnoliopsida,Myrtales,Melastomataceae,Miconia,calvescens,3.81,4.22,4.71,121.41,no
Miconia_carpishana,Plantae,Magnoliophyta,Magnoliopsida,Myrtales,Melastomataceae,Miconia,carpishana,3.30,3.76,8.00,107.45,no
Miconia_centrodesma,Plantae,Magnoliophyta,Magnoliopsida,Myrtales,Melastomataceae,Miconia,centrodesma,3.25,3.89,2.17,11.21,no
Miconia_cuneata,Plantae,Magnoliophyta,Magnoliopsida,Myrtales,Melastomataceae,Miconia,cuneata,5.62,5.03,4.00,7.10,no
Miconia_cyanocarpa,Plantae,Magnoliophyta,Magnoliopsida,Myrtales,Melastomataceae,Miconia,cyanocarpa,3.38,3.55,4.08,416.31,no
Miconia_denticulata,Plantae,Magnoliophyta,Magnoliopsida,Myrtales,Melastomataceae,Miconia,denticulata,4.30,4.32,3.83,31.36,no
Miconia_egensis,Plantae,Magnoliophyta,Magnoliopsida,Myrtales,Melastomataceae,Miconia,egensis,1.92,2.24,6.53,76.34,no
Miconia_elaeagnoides,Plantae,Magnoliophyta,Magnoliopsida,Myrtales,Melastomataceae,Miconia,elaeagnoides,3.19,4.16,6.00,4.20,no
Miconia_elongata,Plantae,Magnoliophyta,Magnoliopsida,Myrtales,Melastomataceae,Miconia,elongata,4.17,4.61,3.95,43.49,no
Miconia_emendata,Plantae,Magnoliophyta,Magnoliopsida,Myrtales,Melastomataceae,Miconia,emendata,3.83,5.17,1.95,3.72,no
Miconia_floribunda,Plantae,Magnoliophyta,Magnoliopsida,Myrtales,Melastomataceae,Miconia,floribunda,6.04,7.32,5.00,51.25,no
Miconia_galactantha,Plantae,Magnoliophyta,Magnoliopsida,Myrtales,Melastomataceae,Miconia,galactantha,5.30,5.44,5.14,80.84,no
Miconia_hygrophila,Plantae,Magnoliophyta,Magnoliopsida,Myrtales,Melastomataceae,Miconia,hygrophila,3.28,3.30,4.22,18.40,no
Miconia_longifolia,Plantae,Magnoliophyta,Magnoliopsida,Myrtales,Melastomataceae,Miconia,longifolia,3.68,4.18,12.33,293.33,no
Miconia_media,Plantae,Magnoliophyta,Magnoliopsida,Myrtales,Melastomataceae,Miconia,media,4.54,4.66,6.50,48.64,no
Miconia_micropetala,Plantae,Magnoliophyta,Magnoliopsida,Myrtales,Melastomataceae,Miconia,micropetala,3.25,3.79,6.31,89.50,no
Miconia_minutiflora,Plantae,Magnoliophyta,Magnoliopsida,Myrtales,Melastomataceae,Miconia,minutiflora,2.22,2.50,6.60,76.08,no
Miconia_modica,Plantae,Magnoliophyta,Magnoliopsida,Myrtales,Melastomataceae,Miconia,modica,4.70,4.97,4.00,40.97,no
Miconia_multispicata,Plantae,Magnoliophyta,Magnoliopsida,Myrtales,Melastomataceae,Miconia,multispicata,5.08,6.56,4.67,75.16,no
Miconia_myriantha,Plantae,Magnoliophyta,Magnoliopsida,Myrtales,Melastomataceae,Miconia,myriantha,2.86,2.70,7.33,7.91,no
Miconia_nervosa,Plantae,Magnoliophyta,Magnoliopsida,Myrtales,Melastomataceae,Miconia,nervosa,4.64,5.07,1.69,2.91,no
Miconia_phanerostila,Plantae,Magnoliophyta,Magnoliopsida,Myrtales,Melastomataceae,Miconia,phanerostila,3.86,5.96,9.00,287.50,no
Miconia_platyphylla,Plantae,Magnoliophyta,Magnoliopsida,Myrtales,Melastomataceae,Miconia,platyphylla,5.60,6.40,1.58,15.91,no
Miconia_prasina,Plantae,Magnoliophyta,Magnoliopsida,Myrtales,Melastomataceae,Miconia,prasina,3.62,4.43,9.00,64.63,no
Miconia_pyrifolia,Plantae,Magnoliophyta,Magnoliopsida,Myrtales,Melastomataceae,Miconia,pyrifolia,3.41,4.23,18.00,826.03,no
Miconia_serrulata,Plantae,Magnoliophyta,Magnoliopsida,Myrtales,Melastomataceae,Miconia,serrulata,5.36,6.29,2.34,13.51,no
Miconia_spennerostachya,Plantae,Magnoliophyta,Magnoliopsida,Myrtales,Melastomataceae,Miconia,spennerostachya,3.89,5.06,5.18,632.40,no
Miconia_triplinervis,Plantae,Magnoliophyta,Magnoliopsida,Myrtales,Melastomataceae,Miconia,triplinervis,4.35,5.21,1.60,7.04,no
Mollinedia_lanceolata,Plantae,Magnoliophyta,Magnoliopsida,Laurales,Monimiaceae,Mollinedia,lanceolata,9.81,8.11,7.00,51.80,no
Mollinedia_ovata,Plantae,Magnoliophyta,Magnoliopsida,Laurales,Monimiaceae,Mollinedia,ovata,15.91,10.59,2.02,20.90,no
Mollinedia_racemosa,Plantae,Magnoliophyta,Magnoliopsida,Laurales,Monimiaceae,Mollinedia,racemosa,10.92,9.44,6.75,77.40,no
Mollinedia_repanda,Plantae,Magnoliophyta,Magnoliopsida,Laurales,Monimiaceae,Mollinedia,repanda,10.73,7.77,4.35,17.12,no
Monnina_connectisepala,Plantae,Magnoliophyta,Magnoliopsida,Fabales,Polygalaceae,Monnina,connectisepala,5.72,4.15,3.83,3.35,no
Monnina_densecomata,Plantae,Magnoliophyta,Magnoliopsida,Fabales,Polygalaceae,Monnina,densecomata,6.35,5.48,6.40,10.24,no
Monnina_hirtella,Plantae,Magnoliophyta,Magnoliopsida,Fabales,Polygalaceae,Monnina,hirtella,5.42,2.07,4.67,1.00,no
Monnina_marginata,Plantae,Magnoliophyta,Magnoliopsida,Fabales,Polygalaceae,Monnina,marginata,5.96,4.21,4.84,17.41,no
Morella_pubescens,Plantae,Magnoliophyta,Magnoliopsida,Fagales,Myricaceae,Morella,pubescens,4.31,3.76,6.75,168.71,no
Moutabea_aculeata,Plantae,Magnoliophyta,Magnoliopsida,Fabales,Polygalaceae,Moutabea,aculeata,17.66,16.40,9.75,253.41,no
Mucuna_elliptica,Plantae,Magnoliophyta,Magnoliopsida,Fabales,Fabaceae,Mucuna,elliptica,122.77,21.67,7.25,143.10,no
Mucuna_sloanei,Plantae,Magnoliophyta,Magnoliopsida,Fabales,Fabaceae,Mucuna,sloanei,122.77,21.67,7.25,143.10,yes
Muehlenbeckia_tamnifolia,Plantae,Magnoliophyta,Magnoliopsida,Caryophyllales,Polygonaceae,Muehlenbeckia,tamnifolia,2.84,2.47,4.78,39.08,no
Myrcia_bracteata,Plantae,Magnoliophyta,Magnoliopsida,Myrtales,Myrtaceae,Myrcia,bracteata,24.12,23.42,4.86,2781.16,no
Myrcia_fallax,Plantae,Magnoliophyta,Magnoliopsida,Myrtales,Myrtaceae,Myrcia,fallax,8.10,6.15,10.71,544.57,no
Myrcia_splendens,Plantae,Magnoliophyta,Magnoliopsida,Myrtales,Myrtaceae,Myrcia,splendens,7.23,4.34,7.56,63.93,no
Myrsine_coriacea,Plantae,Magnoliophyta,Magnoliopsida,Ericales,Primulaceae,Myrsine,coriacea,3.10,2.95,2.47,21.73,no
Myrsine_dependens,Plantae,Magnoliophyta,Magnoliopsida,Ericales,Primulaceae,Myrsine,dependens,4.16,3.81,3.75,135.52,no
Myrteola_nummularia,Plantae,Magnoliophyta,Magnoliopsida,Myrtales,Myrtaceae,Myrteola,nummularia,5.83,7.05,1.49,14.03,no
Myrteola_phylicoides,Plantae,Magnoliophyta,Magnoliopsida,Myrtales,Myrtaceae,Myrteola,phylicoides,4.88,5.16,2.57,23.85,no
Naucleopsis_krukovii,Plantae,Magnoliophyta,Magnoliopsida,Rosales,Moraceae,Naucleopsis,krukovii,11.84,12.38,11.00,26.21,no
Nectandra_cuspidata,Plantae,Magnoliophyta,Magnoliopsida,Laurales,Lauraceae,Nectandra,cuspidata,5.59,3.81,10.67,12.85,no
Neea_floribunda,Plantae,Magnoliophyta,Magnoliopsida,Caryophyllales,Nyctaginaceae,Neea,floribunda,13.59,10.97,26.00,18150.00,no
Neea_laxa,Plantae,Magnoliophyta,Magnoliopsida,Caryophyllales,Nyctaginaceae,Neea,laxa,11.80,5.80,1.77,2.00,no
Neea_spruceana,Plantae,Magnoliophyta,Magnoliopsida,Caryophyllales,Nyctaginaceae,Neea,spruceana,31.29,35.14,15.25,6226.29,no
Notopleura_epiphytica,Plantae,Magnoliophyta,Magnoliopsida,Gentianales,Rubiaceae,Notopleura,epiphytica,5.40,5.02,8.50,8.41,no
Notopleura_polyphlebia,Plantae,Magnoliophyta,Magnoliopsida,Gentianales,Rubiaceae,Notopleura,polyphlebia,4.94,4.79,0.28,0.49,no
Notopleura_triaxillaris,Plantae,Magnoliophyta,Magnoliopsida,Gentianales,Rubiaceae,Notopleura,triaxillaris,4.82,4.18,0.90,1.75,no
Ocotea_amazonica,Plantae,Magnoliophyta,Magnoliopsida,Laurales,Lauraceae,Ocotea,amazonica,9.72,9.33,9.00,165.00,no
Ocotea_oblonga,Plantae,Magnoliophyta,Magnoliopsida,Laurales,Lauraceae,Ocotea,oblonga,23.93,18.03,4.25,21.30,no
Oreopanax_capitatus,Plantae,Magnoliophyta,Magnoliopsida,Apiales,Araliaceae,Oreopanax,capitatus,11.34,11.09,11.00,1161.19,no
Oreopanax_microflorous,Plantae,Magnoliophyta,Magnoliopsida,Apiales,Araliaceae,Oreopanax,microflorous,7.72,8.85,5.67,141.90,no
Oreopanax_ruizii,Plantae,Magnoliophyta,Magnoliopsida,Apiales,Araliaceae,Oreopanax,ruizii,9.50,9.69,5.50,29.53,no
Orthaea_boliviensis,Plantae,Magnoliophyta,Magnoliopsida,Ericales,Ericaceae,Orthaea,boliviensis,4.54,5.57,7.72,32.57,no
Otoba_glycycarpa,Plantae,Magnoliophyta,Magnoliopsida,Magnoliales,Myristicaceae,Otoba,glycycarpa,34.82,31.29,26.70,4650.60,no
Palicourea_amethystina,Plantae,Magnoliophyta,Magnoliopsida,Gentianales,Rubiaceae,Palicourea,amethystina,9.45,7.55,3.17,4.49,no
Palicourea_buchtienii,Plantae,Magnoliophyta,Magnoliopsida,Gentianales,Rubiaceae,Palicourea,buchtienii,4.30,4.24,3.40,5.42,no
Palicourea_conferta,Plantae,Magnoliophyta,Magnoliopsida,Gentianales,Rubiaceae,Palicourea,conferta,3.90,4.88,1.33,1.71,no
Palicourea_grandiflora,Plantae,Magnoliophyta,Magnoliopsida,Gentianales,Rubiaceae,Palicourea,grandiflora,8.04,9.26,7.00,32.50,no
Palicourea_herrerae,Plantae,Magnoliophyta,Magnoliopsida,Gentianales,Rubiaceae,Palicourea,herrerae,4.57,4.26,1.50,4.49,no
Palicourea_lineata,Plantae,Magnoliophyta,Magnoliopsida,Gentianales,Rubiaceae,Palicourea,lineata,5.91,6.33,5.04,114.39,no
Palicourea_macbridei,Plantae,Magnoliophyta,Magnoliopsida,Gentianales,Rubiaceae,Palicourea,macbridei,5.17,6.12,2.28,15.41,no
Palicourea_mansoana,Plantae,Magnoliophyta,Magnoliopsida,Gentianales,Rubiaceae,Palicourea,mansoana,3.94,3.42,4.50,3.87,no
Palicourea_microcarpa,Plantae,Magnoliophyta,Magnoliopsida,Gentianales,Rubiaceae,Palicourea,microcarpa,6.43,6.75,2.05,16.31,no
Palicourea_stipularis,Plantae,Magnoliophyta,Magnoliopsida,Gentianales,Rubiaceae,Palicourea,stipularis,4.90,3.91,6.93,7.93,no
Palicourea_subspicata,Plantae,Magnoliophyta,Magnoliopsida,Gentianales,Rubiaceae,Palicourea,subspicata,4.90,6.43,1.00,3.50,no
Palicourea_virens,Plantae,Magnoliophyta,Magnoliopsida,Gentianales,Rubiaceae,Palicourea,virens,5.54,6.71,2.75,12.09,no
Passiflora_auriculata,Plantae,Magnoliophyta,Magnoliopsida,Malpighiales,Passifloraceae,Passiflora,auriculata,13.96,14.08,6.00,36.02,no
Passovia_stelis,Plantae,Magnoliophyta,Magnoliopsida,Santalales,Loranthaceae,Passovia,stelis,7.98,5.17,5.20,112.25,no
Paullinia_alata,Plantae,Magnoliophyta,Magnoliopsida,Sapindales,Sapindaceae,Paullinia,alata,13.48,13.36,9.13,1430.38,yes
Paullinia_elegans,Plantae,Magnoliophyta,Magnoliopsida,Sapindales,Sapindaceae,Paullinia,elegans,17.60,19.59,11.25,112.75,no
Peristethium_polystachyum,Plantae,Magnoliophyta,Magnoliopsida,Santalales,Loranthaceae,Peristethium,polystachyum,6.16,3.75,3.50,139.43,no
Pernettya_prostrata,Plantae,Magnoliophyta,Magnoliopsida,Ericales,Ericaceae,Pernettya,prostrata,8.44,9.10,2.00,70.00,no
Persea_buchtienii,Plantae,Magnoliophyta,Magnoliopsida,Laurales,Lauraceae,Persea,buchtienii,6.15,6.73,8.17,6.57,no
Persea_mutisii,Plantae,Magnoliophyta,Magnoliopsida,Laurales,Lauraceae,Persea,mutisii,7.10,7.30,7.88,212.52,no
Phoradendron_chrysocladon,Plantae,Magnoliophyta,Magnoliopsida,Santalales,Santalaceae,Phoradendron,chrysocladon,3.78,3.20,7.00,16.42,no
Phoradendron_undulatum,Plantae,Magnoliophyta,Magnoliopsida,Santalales,Santalaceae,Phoradendron,undulatum,1.99,2.48,7.00,3.78,no
Phthirusa_pyrifolia,Plantae,Magnoliophyta,Magnoliopsida,Santalales,Loranthaceae,Phthirusa,pyrifolia,8.90,5.14,8.00,148.77,no
Phytolacca_rivinoides,Plantae,Magnoliophyta,Magnoliopsida,Caryophyllales,Phytolaccaceae,Phytolacca,rivinoides,3.37,6.91,0.70,60.14,no
Picramnia_sellowii,Plantae,Magnoliophyta,Magnoliopsida,Picramniales,Picramniaceae,Picramnia,sellowii,14.58,7.90,1.50,4.20,no
Piper_arboreum,Plantae,Magnoliophyta,Magnoliopsida,Piperales,Piperaceae,Piper,arboreum,1.86,1.86,3.08,4243.04,yes
Piper_augustum,Plantae,Magnoliophyta,Magnoliopsida,Piperales,Piperaceae,Piper,augustum,2.00,2.00,1.75,2692.71,no
Piper_costatum,Plantae,Magnoliophyta,Magnoliopsida,Piperales,Piperaceae,Piper,costatum,2.00,2.00,1.30,471.60,no
Piper_crassinervium,Plantae,Magnoliophyta,Magnoliopsida,Piperales,Piperaceae,Piper,crassinervium,2.00,2.00,4.32,710.03,no
Piper_lanceaefolium,Plantae,Magnoliophyta,Magnoliopsida,Piperales,Piperaceae,Piper,lanceaefolium,2.00,2.00,3.29,170.51,no
Piper_machupicchuense,Plantae,Magnoliophyta,Magnoliopsida,Piperales,Piperaceae,Piper,machupicchuense,1.00,1.00,5.00,57.60,no
Piper_obliquum,Plantae,Magnoliophyta,Magnoliopsida,Piperales,Piperaceae,Piper,obliquum,1.86,1.86,3.08,1747.49,yes
Piper_pallididorsum,Plantae,Magnoliophyta,Magnoliopsida,Piperales,Piperaceae,Piper,pallididorsum,2.00,2.00,5.00,6590.89,yes
Piper_positum,Plantae,Magnoliophyta,Magnoliopsida,Piperales,Piperaceae,Piper,positum,1.86,1.86,3.08,1747.49,yes
Pleurothyrium_trianae,Plantae,Magnoliophyta,Magnoliopsida,Laurales,Lauraceae,Pleurothyrium,trianae,13.51,10.74,10.78,574.50,no
Podocarpus_oleifolius,Plantae,Pinophyta,Pinopsida,Pinales,Podocarpaceae,Podocarpus,oleifolius,10.12,4.48,10.36,135.43,no
Pourouma_bicolor,Plantae,Magnoliophyta,Magnoliopsida,Rosales,Urticaceae,Pourouma,bicolor,16.78,16.12,16.50,1415.86,no
Pourouma_cecropiifolia,Plantae,Magnoliophyta,Magnoliopsida,Rosales,Urticaceae,Pourouma,cecropiifolia,19.48,11.12,28.00,3517.50,no
Pourouma_guianensis,Plantae,Magnoliophyta,Magnoliopsida,Rosales,Urticaceae,Pourouma,guianensis,13.65,8.66,16.33,2617.83,no
Pourouma_tomentosa,Plantae,Magnoliophyta,Magnoliopsida,Rosales,Urticaceae,Pourouma,tomentosa,20.32,15.60,25.00,882.00,no
Pouteria_torta,Plantae,Magnoliophyta,Magnoliopsida,Ericales,Sapotaceae,Pouteria,torta,25.96,29.47,10.33,244.24,no
Protium_guianense,Plantae,Magnoliophyta,Magnoliopsida,Sapindales,Burseraceae,Protium,guianense,11.14,7.83,3.25,10.18,no
Protium_sagotianum,Plantae,Magnoliophyta,Magnoliopsida,Sapindales,Burseraceae,Protium,sagotianum,31.36,28.75,16.00,701.25,no
Protium_spruceanum,Plantae,Magnoliophyta,Magnoliopsida,Sapindales,Burseraceae,Protium,spruceanum,21.56,22.42,11.42,4156.83,no
Prunus_huantensis,Plantae,Magnoliophyta,Magnoliopsida,Rosales,Rosaceae,Prunus,huantensis,9.18,7.36,10.92,416.85,yes
Prunus_integrifolia,Plantae,Magnoliophyta,Magnoliopsida,Rosales,Rosaceae,Prunus,integrifolia,9.18,7.36,10.92,416.85,no
Psammisia_coarctata,Plantae,Magnoliophyta,Magnoliopsida,Ericales,Ericaceae,Psammisia,coarctata,11.56,14.01,5.98,212.73,no
Psychotria_brachiata,Plantae,Magnoliophyta,Magnoliopsida,Gentianales,Rubiaceae,Psychotria,brachiata,4.48,3.67,3.75,2.48,no
Psychotria_buchtienii,Plantae,Magnoliophyta,Magnoliopsida,Gentianales,Rubiaceae,Psychotria,buchtienii,7.11,8.67,1.50,14.97,no
Psychotria_conephoroides,Plantae,Magnoliophyta,Magnoliopsida,Gentianales,Rubiaceae,Psychotria,conephoroides,11.40,10.77,4.39,47.18,no
Psychotria_herzogii,Plantae,Magnoliophyta,Magnoliopsida,Gentianales,Rubiaceae,Psychotria,herzogii,4.38,5.28,1.00,2.22,no
Psychotria_hospitalis,Plantae,Magnoliophyta,Magnoliopsida,Gentianales,Rubiaceae,Psychotria,hospitalis,9.62,6.40,5.10,17.53,no
Psychotria_limitanea,Plantae,Magnoliophyta,Magnoliopsida,Gentianales,Rubiaceae,Psychotria,limitanea,3.55,4.52,0.97,3.09,no
Psychotria_longicuspis,Plantae,Magnoliophyta,Magnoliopsida,Gentianales,Rubiaceae,Psychotria,longicuspis,4.66,4.84,1.47,1.19,no
Psychotria_lupulina,Plantae,Magnoliophyta,Magnoliopsida,Gentianales,Rubiaceae,Psychotria,lupulina,5.04,4.94,2.46,4.14,no
Psychotria_microbotrys,Plantae,Magnoliophyta,Magnoliopsida,Gentianales,Rubiaceae,Psychotria,microbotrys,3.98,4.97,1.14,1.35,no
Psychotria_officinalis,Plantae,Magnoliophyta,Magnoliopsida,Gentianales,Rubiaceae,Psychotria,officinalis,6.99,7.64,1.46,3.57,no
Psychotria_racemosa,Plantae,Magnoliophyta,Magnoliopsida,Gentianales,Rubiaceae,Psychotria,racemosa,3.16,3.17,1.03,1.17,no
Psychotria_reticulata,Plantae,Magnoliophyta,Magnoliopsida,Gentianales,Rubiaceae,Psychotria,reticulata,4.42,4.87,6.00,16.10,no
Psychotria_schunkei,Plantae,Magnoliophyta,Magnoliopsida,Gentianales,Rubiaceae,Psychotria,schunkei,8.37,6.22,4.00,22.11,no
Psychotria_trichotoma,Plantae,Magnoliophyta,Magnoliopsida,Gentianales,Rubiaceae,Psychotria,trichotoma,8.33,5.67,5.47,36.87,no
Psychotria_viridis,Plantae,Magnoliophyta,Magnoliopsida,Gentianales,Rubiaceae,Psychotria,viridis,5.15,5.71,3.50,6.30,no
Quararibea_cordata,Plantae,Magnoliophyta,Magnoliopsida,Malvales,Malvaceae,Quararibea,cordata,53.95,51.13,34.67,15526.86,no
Quararibea_wittii,Plantae,Magnoliophyta,Magnoliopsida,Malvales,Malvaceae,Quararibea,wittii,16.39,18.16,13.67,222.44,no
Quiina_amazonica,Plantae,Magnoliophyta,Magnoliopsida,Malpighiales,Ochnaceae,Quiina,amazonica,20.11,19.06,14.00,975.00,no
Randia_ferox,Plantae,Magnoliophyta,Magnoliopsida,Gentianales,Rubiaceae,Randia,ferox,23.08,21.06,4.50,1683.50,no
Rauvolfia_leptophylla,Plantae,Magnoliophyta,Magnoliopsida,Gentianales,Apocynaceae,Rauvolfia,leptophylla,18.67,11.19,9.00,665.00,no
Ribes_bolivianum,Plantae,Magnoliophyta,Magnoliopsida,Saxifragales,Grossulariaceae,Ribes,bolivianum,7.39,6.31,5.50,51.56,no
Rollinia_chrysocarpa,Plantae,Magnoliophyta,Magnoliopsida,Magnoliales,Annonaceae,Rollinia,chrysocarpa,29.40,15.70,7.00,4.30,no
Ronabea_latifolia,Plantae,Magnoliophyta,Magnoliopsida,Gentianales,Rubiaceae,Ronabea,latifolia,7.13,4.41,1.80,2.46,no
Roupala_monosperma,Plantae,Magnoliophyta,Magnoliopsida,Proteales,Proteaceae,Roupala,monosperma,5.20,7.00,5.00,37.20,yes
Rubus_adenotrichos,Plantae,Magnoliophyta,Magnoliopsida,Rosales,Rosaceae,Rubus,adenotricos,14.36,12.29,1.84,30.02,no
Rubus_floribundus,Plantae,Magnoliophyta,Magnoliopsida,Rosales,Rosaceae,Rubus,floribundus,10.20,9.93,5.35,850.96,no
Rubus_roseus,Plantae,Magnoliophyta,Magnoliopsida,Rosales,Rosaceae,Rubus,roseus,22.82,19.06,3.07,110.04,no
Rudgea_loretensis,Plantae,Magnoliophyta,Magnoliopsida,Gentianales,Rubiaceae,Rudgea,loretensis,12.07,8.66,1.50,10.93,no
Rudgea_poeppigii,Plantae,Magnoliophyta,Magnoliopsida,Gentianales,Rubiaceae,Rudgea,poeppigii,8.09,8.44,1.42,2.55,no
Rudgea_sessiliflora,Plantae,Magnoliophyta,Magnoliopsida,Gentianales,Rubiaceae,Rudgea,sessiliflora,6.76,6.49,0.47,1.13,no
Rudgea_verticillata,Plantae,Magnoliophyta,Magnoliopsida,Gentianales,Rubiaceae,Rudgea,verticillata,8.53,8.16,2.35,7.72,yes
Ruyschia_pavonii,Plantae,Magnoliophyta,Magnoliopsida,Ericales,Marcgraviaceae,Ruyschia,pavonii,6.08,6.68,12.67,172.33,no
Sabicea_panamensis,Plantae,Magnoliophyta,Magnoliopsida,Gentianales,Rubiaceae,Sabicea,panamensis,6.29,7.18,4.50,14.61,no
Sapium_glandulosum,Plantae,Magnoliophyta,Magnoliopsida,Malpighiales,Euphorbiaceae,Sapium,glandulosum,8.43,6.33,11.50,1682.00,no
Saracha_punctata,Plantae,Magnoliophyta,Magnoliopsida,Solanales,Solanaceae,Saracha,punctata,10.97,11.34,4.78,32.91,no
Sarcopera_anomala,Plantae,Magnoliophyta,Magnoliopsida,Ericales,Marcgraviaceae,Sarcopera,anomala,3.50,3.18,4.67,22.75,no
Saurauia_peruviana,Plantae,Magnoliophyta,Magnoliopsida,Ericales,Actinidiaceae,Saurauia,peruviana,5.36,6.41,3.25,86.30,no
Schefflera_acuminata,Plantae,Magnoliophyta,Magnoliopsida,Apiales,Araliaceae,Schefflera,acuminata,17.85,19.55,7.00,112.50,no
Schefflera_kuntzei,Plantae,Magnoliophyta,Magnoliopsida,Apiales,Araliaceae,Schefflera,kuntzei,3.07,2.98,10.33,40.67,no
Schefflera_mathewsii,Plantae,Magnoliophyta,Magnoliopsida,Apiales,Araliaceae,Schefflera,mathewsii,8.92,5.16,7.50,1951.25,no
Schefflera_patula,Plantae,Magnoliophyta,Magnoliopsida,Apiales,Araliaceae,Schefflera,patula,4.68,4.98,6.09,203.36,no
Senefeldera_inclinata,Plantae,Magnoliophyta,Magnoliopsida,Malpighiales,Euphorbiaceae,Senefeldera,inclinata,17.04,20.80,11.70,694.49,no
Senna_herzogii,Plantae,Magnoliophyta,Magnoliopsida,Fabales,Fabaceae,Senna,herzogii,72.16,5.41,5.00,48.12,no
Senna_multijuga,Plantae,Magnoliophyta,Magnoliopsida,Fabales,Fabaceae,Senna,multijuga,77.80,5.01,8.33,45.17,no
Siparuna_thecaphora,Plantae,Magnoliophyta,Magnoliopsida,Laurales,Siparunaceae,Siparuna,thecaphora,14.61,15.80,3.67,65.42,no
Siparuna_tomentosa,Plantae,Magnoliophyta,Magnoliopsida,Laurales,Siparunaceae,Siparuna,tomentosa,14.21,15.94,3.88,171.69,no
Siphonandra_elliptica,Plantae,Magnoliophyta,Magnoliopsida,Ericales,Ericaceae,Siphonandra,elliptica,7.52,4.95,3.45,14.22,no
Sloanea_fragrans,Plantae,Magnoliophyta,Magnoliopsida,Oxalidales,Elaeocarpaceae,Sloanea,fragrans,49.48,33.54,3.58,102.33,no
Sloanea_gracilis,Plantae,Magnoliophyta,Magnoliopsida,Oxalidales,Elaeocarpaceae,Sloanea,gracilis,19.65,12.50,10.00,653.25,no
Smilax_domingensis,Plantae,Magnoliophyta,Liliopsida,Liliales,Smilacaceae,Smilax,domingensis,10.73,11.65,7.63,92.52,no
Solanum_actaeibotrys,Plantae,Magnoliophyta,Magnoliopsida,Solanales,Solanaceae,Solanum,actaeibotrys,10.98,13.00,6.06,193.65,no
Solanum_acuminatum,Plantae,Magnoliophyta,Magnoliopsida,Solanales,Solanaceae,Solanum,acuminatum,9.37,9.58,4.00,5.80,no
Solanum_amblophyllum,Plantae,Magnoliophyta,Magnoliopsida,Solanales,Solanaceae,Solanum,amblophyllum,12.20,11.17,2.86,28.16,no
Solanum_americanum,Plantae,Magnoliophyta,Magnoliopsida,Solanales,Solanaceae,Solanum,americanum,6.44,6.66,1.37,108.45,no
Solanum_dimorphandrum,Plantae,Magnoliophyta,Magnoliopsida,Solanales,Solanaceae,Solanum,dimorphandrum,14.04,9.93,2.00,7.23,no
Solanum_leucopogon,Plantae,Magnoliophyta,Magnoliopsida,Solanales,Solanaceae,Solanum,leucopogon,14.86,16.10,5.33,18.49,no
Solanum_lindenii,Plantae,Magnoliophyta,Magnoliopsida,Solanales,Solanaceae,Solanum,lindenii,13.31,11.48,4.83,20.47,no
Solanum_nutans,Plantae,Magnoliophyta,Magnoliopsida,Solanales,Solanaceae,Solanum,nutans,11.20,11.62,5.52,60.73,no
Solanum_obliquum,Plantae,Magnoliophyta,Magnoliopsida,Solanales,Solanaceae,Solanum,obliquum,44.26,29.55,4.00,619.00,no
Solanum_schlechtendalianum,Plantae,Magnoliophyta,Magnoliopsida,Solanales,Solanaceae,Solanum,schlechtendalianum,9.03,8.94,3.17,142.74,no
Solanum_scuticum,Plantae,Magnoliophyta,Magnoliopsida,Solanales,Solanaceae,Solanum,scuticum,16.42,15.87,5.67,740.54,yes
Solanum_ternatum,Plantae,Magnoliophyta,Magnoliopsida,Solanales,Solanaceae,Solanum,ternatum,15.93,13.58,2.33,43.44,no
Souroubea_guianensis,Plantae,Magnoliophyta,Magnoliopsida,Ericales,Marcgraviaceae,Souroubea,guianensis,8.10,9.88,18.17,2155.33,no
Souroubea_pachyphylla,Plantae,Magnoliophyta,Magnoliopsida,Ericales,Marcgraviaceae,Souroubea,pachyphylla,5.22,3.89,10.00,105.00,no
Spirotheca_rosea,Plantae,Magnoliophyta,Magnoliopsida,Malvales,Malvaceae,Spirotheca,rosea,153.80,38.30,20.00,45000.00,no
Stylogyne_serpentina,Plantae,Magnoliophyta,Magnoliopsida,Ericales,Primulaceae,Stylogyne,serpentina,6.14,6.95,6.00,10.00,no
Styrax_foveolaria,Plantae,Magnoliophyta,Magnoliopsida,Ericales,Styracaceae,Styrax,foveolaria,8.85,6.48,9.40,264.04,no
Swartzia_myrtifolia,Plantae,Magnoliophyta,Magnoliopsida,Fabales,Fabaceae,Swartzia,myrtifolia,49.50,27.70,10.60,920.40,no
Symplocos_arechea,Plantae,Magnoliophyta,Magnoliopsida,Ericales,Symplocaceae,Symplocos,arechea,19.76,12.60,9.82,3650.60,no
Symplocos_bogotensis,Plantae,Magnoliophyta,Magnoliopsida,Ericales,Symplocaceae,Symplocos,bogotensis,17.67,12.15,7.17,6922.67,yes
Symplocos_fimbriata,Plantae,Magnoliophyta,Magnoliopsida,Ericales,Symplocaceae,Symplocos,fimbriata,22.54,16.30,5.25,50.19,no
Symplocos_psiloclada,Plantae,Magnoliophyta,Magnoliopsida,Ericales,Symplocaceae,Symplocos,psiloclada,17.99,10.10,7.06,84.81,no
Symplocos_quitensis,Plantae,Magnoliophyta,Magnoliopsida,Ericales,Symplocaceae,Symplocos,quitensis,15.21,11.39,8.40,223.71,no
Symplocos_reflexa,Plantae,Magnoliophyta,Magnoliopsida,Ericales,Symplocaceae,Symplocos,reflexa,29.17,18.43,6.48,415.38,no
Tabernaemontana_cymosa,Plantae,Magnoliophyta,Magnoliopsida,Gentianales,Apocynaceae,Tabernaemontana,cymosa,38.53,23.46,27.00,9068.00,no
Tabernaemontana_sananho,Plantae,Magnoliophyta,Magnoliopsida,Gentianales,Apocynaceae,Tabernaemontana,sananho,35.03,28.79,6.75,95.29,no
Tapirira_guianensis,Plantae,Magnoliophyta,Magnoliopsida,Sapindales,Anacardiaceae,Tapirira,guianensis,13.31,11.17,17.57,3494.67,no
Ternstroemia_brachypoda,Plantae,Magnoliophyta,Magnoliopsida,Ericales,Pentaphylacaceae,Ternstroemia,brachypoda,37.63,36.30,14.00,307.50,yes
Ternstroemia_penduliflora,Plantae,Magnoliophyta,Magnoliopsida,Ericales,Pentaphylacaceae,Ternstroemia,penduliflora,37.63,36.30,14.00,307.50,no
Theobroma_cacao,Plantae,Magnoliophyta,Magnoliopsida,Malvales,Malvaceae,Theobroma,cacao,88.47,64.33,9.83,603.11,no
Thibaudia_crenulata,Plantae,Magnoliophyta,Magnoliopsida,Ericales,Ericaceae,Thibaudia,crenulata,7.11,7.76,3.11,153.86,no
Thoracocarpus_bissectus,Plantae,Magnoliophyta,Liliopsida,Pandanales,Cyclanthaceae,Thoracocarpus,bissectus,62.50,42.40,6.40,151.56,no
Tibouchina_calycina,Plantae,Magnoliophyta,Magnoliopsida,Myrtales,Melastomataceae,Tibouchina,calycina,6.70,6.64,2.83,3.55,no
Tococa_caquetana,Plantae,Magnoliophyta,Magnoliopsida,Myrtales,Melastomataceae,Tococa,caquetana,6.38,5.85,0.73,4.82,no
Tococa_quadrialata,Plantae,Magnoliophyta,Magnoliopsida,Myrtales,Melastomataceae,Tococa,quadrialata,6.38,5.85,0.73,4.82,yes
Tovomita_stylosa,Plantae,Magnoliophyta,Magnoliopsida,Malpighiales,Clusiaceae,Tovomita,stylosa,12.16,10.60,7.00,10.20,no
Tovomita_weddelliana,Plantae,Magnoliophyta,Magnoliopsida,Malpighiales,Clusiaceae,Tovomita,weddelliana,17.03,12.42,9.00,288.75,no
Trema_micrantha,Plantae,Magnoliophyta,Magnoliopsida,Rosales,Cannabaceae,Trema,micrantha,2.59,2.15,9.09,1.54,no
Trichilia_elegans,Plantae,Magnoliophyta,Magnoliopsida,Sapindales,Meliaceae,Trichilia,elegans,20.60,11.42,5.00,10.56,no
Trichilia_quadrijuga,Plantae,Magnoliophyta,Magnoliopsida,Sapindales,Meliaceae,Trichilia,quadrijuga,21.56,12.56,14.00,63.38,no
Trigynaea_duckei,Plantae,Magnoliophyta,Magnoliopsida,Magnoliales,Annonaceae,Trigynaea,duckei,30.80,25.31,7.00,66.24,no
Tripodanthus_acutifolius,Plantae,Magnoliophyta,Magnoliopsida,Santalales,Loranthaceae,Tripodanthus,acutifolius,8.15,4.93,8.00,276.25,no
Turpinia_occidentalis,Plantae,Magnoliophyta,Magnoliopsida,Crossosomatales,Staphyleaceae,Turpinia,occidentalis,7.22,8.33,7.19,235.87,no
Urera_lianoides,Plantae,Magnoliophyta,Magnoliopsida,Rosales,Urticaceae,Urera,lianoides,2.02,2.33,4.00,15.00,no
Vaccinium_crenatum,Plantae,Magnoliophyta,Magnoliopsida,Ericales,Ericaceae,Vaccinium,crenatum,5.35,6.31,0.65,12.98,no
Vaccinium_dependens,Plantae,Magnoliophyta,Magnoliopsida,Ericales,Ericaceae,Vaccinium,dependens,5.50,6.05,0.97,14.94,yes
Vaccinium_floribundum,Plantae,Magnoliophyta,Magnoliopsida,Ericales,Ericaceae,Vaccinium,floribundum,5.65,5.80,1.29,16.57,no
Vallea_stipularis,Plantae,Magnoliophyta,Magnoliopsida,Oxalidales,Elaeocarpaceae,Vallea,stipularis,13.26,10.57,7.75,306.08,no
Viburnum_ayavacense,Plantae,Magnoliophyta,Magnoliopsida,Dipsacales,Adoxaceae,Viburnum,ayavacense,9.50,5.62,8.00,23.87,no
Viburnum_hallii,Plantae,Magnoliophyta,Magnoliopsida,Dipsacales,Adoxaceae,Viburnum,hallii,6.91,6.15,5.45,249.29,no
Viburnum_reticulatum,Plantae,Magnoliophyta,Magnoliopsida,Dipsacales,Adoxaceae,Viburnum,reticulatum,8.44,6.62,7.71,21.65,no
Viburnum_seemenii,Plantae,Magnoliophyta,Magnoliopsida,Dipsacales,Adoxaceae,Viburnum,seemenii,9.64,6.21,5.40,379.48,no
Vismia_gracilis,Plantae,Magnoliophyta,Magnoliopsida,Malpighiales,Hypericaceae,Vismia,gracilis,13.68,10.43,9.52,1087.03,no
Vismia_schultesii,Plantae,Magnoliophyta,Magnoliopsida,Malpighiales,Hypericaceae,Vismia,schultesii,16.77,11.78,11.76,785.89,yes
Wettinia_augusta,Plantae,Magnoliophyta,Liliopsida,Arecales,Arecaceae,Wettinia,augusta,27.44,17.51,9.72,2055.00,no
Zanthoxylum_mantaro,Plantae,Magnoliophyta,Magnoliopsida,Sapindales,Rutaceae,Zanthoxylum,mantaro,4.61,3.81,6.13,27.90,no
Zanthoxylum_riedelianum,Plantae,Magnoliophyta,Magnoliopsida,Sapindales,Rutaceae,Zanthoxylum,riedelianum,17.07,13.33,8.50,423.00,no
